{"Cube": {"edges": [[0, 1], [1, 3], [2, 3], [0, 2], [3, 7], [6, 7], [2, 6], [5, 7], [4, 5], [4, 6], [1, 5], [0, 4]], "vertices": [[-0.5, -0.5, -0.5], [-0.5, -0.5, 0.5], [-0.5, 0.5, -0.5], [-0.5, 0.5, 0.5], [0.5, -0.5, -0.5], [0.5, -0.5, 0.5], [0.5, 0.5, -0.5], [0.5, 0.5, 0.5]], "faces": []}, "Finger": {"edges": [[1, 4], [0, 2], [3, 5], [4, 5], [2, 3], [1, 2]], "vertices": [[0.0, 0.0, 0.0], [-0.06778925657272339, 0.8644214272499084, 0.0], [0.0, 0.8644214272499084, 0.0], [0.06778925657272339, 0.8644214272499084, 0.0], [-0.06778925657272339, 1.0, 0.0], [0.06778925657272339, 1.0, 0.0]], "faces": []}, "Plane": {"edges": [[2, 3], [1, 3], [0, 1], [0, 2]], "vertices": [[-0.5, -2.9802322387695312e-08, -0.5], [0.5, -2.9802322387695312e-08, -0.5], [-0.5, 2.9802322387695312e-08, 0.5], [0.5, 2.9802322387695312e-08, 0.5]], "faces": []}, "Root": {"edges": [[0, 4], [1, 5], [2, 6], [3, 7], [4, 8], [5, 9], [6, 10], [7, 11], [8, 12], [9, 13], [10, 14], [11, 15], [16, 20], [17, 21], [18, 22], [19, 23], [20, 24], [21, 25], [22, 26], [23, 27], [0, 24], [1, 25], [2, 26], [3, 27], [16, 28], [17, 29], [18, 30], [19, 31], [12, 32], [13, 33], [14, 34], [15, 35], [28, 36], [29, 37], [30, 38], [31, 39], [32, 40], [33, 41], [34, 42], [35, 43], [36, 44], [37, 45], [38, 44], [39, 45], [40, 46], [41, 46], [42, 47], [43, 47]], "vertices": [[0.22367171943187714, 0.2236718088388443, 0.0], [0.22367171943187714, -0.2236718088388443, 0.0], [-0.22367171943187714, 0.2236718088388443, 0.0], [-0.22367171943187714, -0.2236718088388443, 0.0], [0.2630101442337036, 0.17573779821395874, 0.0], [0.2630101442337036, -0.17573779821395874, 0.0], [-0.2630101442337036, 0.17573779821395874, 0.0], [-0.2630101442337036, -0.17573779821395874, 0.0], [0.2922411859035492, 0.12105030566453934, 0.0], [0.2922411859035492, -0.12105030566453934, 0.0], [-0.2922411859035492, 0.12105030566453934, 0.0], [-0.2922411859035492, -0.12105030566453934, 0.0], [0.31024158000946045, 0.06171092391014099, 0.0], [0.31024158000946045, -0.06171092391014099, 0.0], [-0.31024158000946045, 0.06171092391014099, 0.0], [-0.31024158000946045, -0.06171092391014099, 0.0], [0.06171141192317009, 0.31024160981178284, 0.0], [0.06171141192317009, -0.31024160981178284, 0.0], [-0.06171141192317009, 0.31024160981178284, 0.0], [-0.06171141192317009, -0.31024160981178284, 0.0], [0.12105078250169754, 0.29224109649658203, 0.0], [0.12105078250169754, -0.29224109649658203, 0.0], [-0.12105078250169754, 0.29224109649658203, 0.0], [-0.12105078250169754, -0.29224109649658203, 0.0], [0.17573824524879456, 0.2630099058151245, 0.0], [0.17573824524879456, -0.2630099058151245, 0.0], [-0.17573824524879456, 0.2630099058151245, 0.0], [-0.17573824524879456, -0.2630099058151245, 0.0], [0.06171141192317009, 0.40513747930526733, 0.0], [0.06171141192317009, -0.40513747930526733, 0.0], [-0.06171141192317009, 0.40513747930526733, 0.0], [-0.06171141192317009, -0.40513747930526733, 0.0], [0.40513747930526733, 0.06171092391014099, 0.0], [0.40513747930526733, -0.06171092391014099, 0.0], [-0.40513747930526733, 0.06171092391014099, 0.0], [-0.40513747930526733, -0.06171092391014099, 0.0], [0.12497533112764359, 0.40513747930526733, 0.0], [0.12497533112764359, -0.40513747930526733, 0.0], [-0.12497533112764359, 0.40513747930526733, 0.0], [-0.12497533112764359, -0.40513747930526733, 0.0], [0.40513747930526733, 0.12497486174106598, 0.0], [0.40513747930526733, -0.12497486174106598, 0.0], [-0.40513747930526733, 0.12497486174106598, 0.0], [-0.40513747930526733, -0.12497486174106598, 0.0], [0.0, 0.500033438205719, 0.0], [0.0, -0.500033438205719, 0.0], [0.5000333189964294, 0.0, 0.0], [-0.5000333189964294, 0.0, 0.0]], "faces": []}, "Circle": {"edges": [[0, 1], [1, 2], [2, 3], [3, 4], [4, 5], [5, 6], [6, 7], [7, 8], [8, 9], [9, 10], [10, 11], [11, 12], [12, 13], [13, 14], [14, 15], [15, 16], [16, 17], [17, 18], [18, 19], [19, 20], [20, 21], [21, 22], [22, 23], [0, 23]], "vertices": [[6.208817349140361e-10, -6.1156853803368e-08, 0.5000000596046448], [-0.129409521818161, -9.095917619106331e-08, 0.482962965965271], [-0.25, -9.095917619106331e-08, 0.4330127537250519], [-0.3535533845424652, -9.095917619106331e-08, 0.35355344414711], [-0.4330127239227295, -1.0586033738491096e-07, 0.2500000596046448], [-0.4829629063606262, -1.2076149857875862e-07, 0.12940961122512817], [-0.5, -1.2448678887722053e-07, 1.0728770405421528e-07], [-0.4829629361629486, -1.3566265977260628e-07, -0.12940938770771027], [-0.4330127537250519, -1.5056382096645393e-07, -0.24999985098838806], [-0.3535534739494324, -1.5056382096645393e-07, -0.35355323553085327], [-0.25000011920928955, -1.5056382096645393e-07, -0.43301257491111755], [-0.12940968573093414, -1.5056382096645393e-07, -0.48296281695365906], [-1.9408631146689004e-07, -1.5056382096645393e-07, -0.4999999403953552], [0.1294093132019043, -1.5056382096645393e-07, -0.4829629063606262], [0.2499997913837433, -1.5056382096645393e-07, -0.4330127537250519], [0.3535532057285309, -1.5056382096645393e-07, -0.35355353355407715], [0.43301260471343994, -1.5056382096645393e-07, -0.25000008940696716], [0.48296284675598145, -1.3566265977260628e-07, -0.12940964102745056], [0.5, -1.2448680308807525e-07, -1.6291740223550732e-07], [0.482962965965271, -1.2076149857875862e-07, 0.12940934300422668], [0.43301284313201904, -1.0586033738491096e-07, 0.24999982118606567], [0.3535536229610443, -9.095917619106331e-08, 0.35355323553085327], [0.2500002980232239, -9.095917619106331e-08, 0.43301260471343994], [0.12940987944602966, -9.095917619106331e-08, 0.48296287655830383]], "faces": []}, "Sphere": {"edges": [[0, 1], [1, 2], [2, 3], [3, 4], [4, 5], [5, 6], [6, 7], [7, 8], [8, 9], [9, 10], [10, 11], [11, 12], [12, 13], [13, 14], [14, 15], [15, 16], [16, 17], [17, 18], [18, 19], [19, 20], [20, 21], [21, 22], [22, 23], [0, 23], [24, 25], [25, 26], [26, 27], [27, 28], [28, 29], [29, 30], [30, 31], [31, 32], [32, 33], [33, 34], [34, 35], [35, 36], [36, 37], [37, 38], [38, 39], [39, 40], [40, 41], [41, 42], [42, 43], [43, 44], [44, 45], [45, 46], [46, 47], [24, 47], [48, 49], [49, 50], [50, 51], [51, 52], [52, 53], [53, 54], [54, 55], [55, 56], [56, 57], [57, 58], [58, 59], [59, 60], [60, 61], [61, 62], [62, 63], [63, 64], [64, 65], [65, 66], [66, 67], [67, 68], [68, 69], [69, 70], [70, 71], [48, 71]],